{"Lat": [10.767676, 10.76767, 10.768788, 10.769504, 10.770985, 10.770811, 10.770722, 10.774094, 10.777367, 10.779949, 10.781804, 10.784286, 10.785778, 10.789598, 10.790669, 10.793418], "Lng": [106.689362, 106.690941, 106.693699, 106.695587, 106.700758, 106.701998, 106.704074, 106.706654, 106.707115, 106.707818, 106.706922, 106.704363, 106.702663, 106.70459, 106.705597, 106.708156], "Running Time: ": 629.5786105844579, "Distance: ": 4684.261233601589, "RouteId": [3, 3, 3, 40, 40, 1, 3, 76, 76, 76, 88, 88, 41, 6, 6], "RouteVarId": [5, 5, 5, 79, 79, 2, 5, 151, 151, 151, 1, 1, 81, 1, 1]}
