{"Lat": [10.750232, 10.754111, 10.754553, 10.75536, 10.755671, 10.756714, 10.758427, 10.76602, 10.766863, 10.767676], "Lng": [106.652554, 106.656749, 106.659232, 106.663191, 106.664683, 106.670492, 106.675186, 106.6828, 106.687653, 106.689362], "StopID": [1, 470, 437, 439, 440, 465, 3170, 2405, 164, 35], "Running Time: ": 669.0665979596597, "Distance: ": 5060.242753325249, "RouteId": [35, 6, 7, 7, 6, 109, 109, 109, 48], "RouteVarId": [69, 1, 13, 13, 1, 2, 2, 2, 96]}
